{"Cb4vTWf9ATyA+V9MptmZNg==":"mbr-1620x1080.jpg","hfSRIuFcNZwnX7CzE37ZyQ==":"mbr-1-1620x1080.jpg","fNv29gGkEnzSesP0yz0hag==":"mbr-720x1080.jpg","9XMQtHxl+yt6kaZk9Zs40A==":"mbr-1-720x1080.jpg","SBPDzANIMqur8qDEHIu9YA==":"mbr-2-1620x1080.jpg","Q8kyWdiPLYJ/4F1Ss+9IyA==":"03.jpg","HoeEF4HfT9nMa9Cg+v0y1w==":"02.jpg","ihlkf69UyfSmhSyJ1Jvc6w==":"jumbotron.jpg","uoK10nRtyhdeHxTQlcNXyQ==":"mbr-3-1620x1080.jpg","DIxbTq+6Niz0VW2sKqodgA==":"mbr-1441x1080.jpg","y5RwWnH6JB1tLr6fh/Tiog==":"mbr-1483x1080.jpg","oVIGPEYRzgjQ+SGlRaWKVQ==":"capture-1063x594.jpg","W0IVTND+AIw5r1yjAwnGZA==":"capture2-958x604.jpg","JhyWJVXVuJCjlA3AgRiNKw==":"logo%20website-122x44.jpg","NgLWWZTN0Pbk649MB+A9MQ==":"logo%20websitelarge-338x123.jpg","qE5Jkd7GfBohBW58YMPYsw==":"capture-1-1063x594.jpg","eSSUXpXKDYYSQUs4qvCClw==":"official%20company%20t-shirt%20back%20final-445x373.jpg","Q3EazT+hF9kc6UQrR9hyog==":"official%20company%20t-shirt%20final-447x370.jpg","l5IHaSnd6Br6K3Tj9HNw8Q==":"ows%20hoodies-455x478.jpg","z4FRWFNX2UXO09vVtYJhiA==":"t-shirt%20purple-509x471.jpg","WY8NX5Lx+e3GcF9uLFgSCw==":"t-shirt%20black-514x464.jpg","khzGsrKcs5kIgw2m0p98iw==":"pink-450x467.jpg","+Ls4aAWUdK7UWbtgXFvhEQ==":"blue%20tshirt-486x470.jpg","pBPUYHW00dVTzf8UBGcMfg==":"white%20t-shirt-458x454.jpg","cI+I+fMy4Dr78RbH5ATUVA==":"white%20with%20purple-467x464.jpg","91ZtLbkqGIrRaQAo6JhokQ==":"copyright%20choose%20oriel%20solutions-887x572.png"}